PMID	Cancer_Code	Chromosome	Start_Pos	Stop_Pos	Reference	Alternate
25631445	HNSCC	chr1	9086388	9086388	G	T
25631445	HNSCC	chr1	12423152	12423152	A	T
25631445	HNSCC	chr1	43908207	43908207	A	T
25631445	HNSCC	chr1	49202065	49202065	G	C
25631445	HNSCC	chr1	54370406	54370406	G	A
25631445	HNSCC	chr1	82436053	82436053	C	A
25631445	HNSCC	chr1	94645394	94645394	C	G
25631445	HNSCC	chr1	94697030	94697030	C	T
25631445	HNSCC	chr1	109795731	109795731	C	T
25631445	HNSCC	chr1	118640342	118640342	A	T
25631445	HNSCC	chr1	145290477	145290477	C	G
25631445	HNSCC	chr1	147086390	147086390	G	A
25631445	HNSCC	chr1	150483454	150483454	G	A
25631445	HNSCC	chr1	150935566	150935566	A	G
25631445	HNSCC	chr1	155004226	155004226	C	T
25631445	HNSCC	chr1	158549182	158549182	A	G
25631445	HNSCC	chr1	179815800	179815800	C	T
25631445	HNSCC	chr1	180805685	180805685	A	G
25631445	HNSCC	chr1	197145781	197145781	G	A
25631445	HNSCC	chr1	240493929	240493929	G	A
25631445	HNSCC	chr1	243716166	243716166	C	A
25631445	HNSCC	chr10	32326241	32326241	G	C
25631445	HNSCC	chr10	89711893	89711893	C	T
25631445	HNSCC	chr10	121336662	121336662	G	A
25631445	HNSCC	chr10	134188714	134188714	G	A
